# Q22179|LRX-1|C.elegans
#AA,Beta,Periplasm,Membrane,Inside,Outside,Signal
0 M,0.0,0.0,0.0,0.0,0.0,0.99994
1 A,0.0,0.0,0.0,0.0,0.0,0.99994
2 W,0.0,0.0,0.0,0.0,0.0,0.99994
3 L,0.0,0.0,0.0,0.0,0.0,0.99994
4 T,0.0,0.0,0.0,0.0,0.0,0.99997
5 S,0.0,0.0,0.0,0.0,0.0,0.99997
6 I,0.0,0.0,0.0,0.0,0.0,0.99997
7 F,0.0,0.0,0.0,0.0,0.0,0.99997
8 F,0.0,0.0,0.0,0.0,0.0,0.99997
9 I,0.0,0.0,0.0,0.0,0.0,0.99994
10 L,0.0,0.0,0.0,0.0,0.0,0.99997
11 L,0.0,0.0,0.0,0.0,0.0,0.99997
12 A,0.0,0.0,0.0,0.0,0.0,0.99997
13 V,0.0,0.0,0.0,0.0,0.0,0.99997
14 Q,0.0,0.0,0.0,0.0,0.0,0.99994
15 P,0.0,0.0,0.0,0.0,2e-05,0.99995
16 V,0.0,0.0,0.0,0.0,9e-05,0.99987
17 L,0.0,0.0,0.0,0.0,0.00093,0.99903
18 P,0.0,0.0,0.0,0.0,0.00772,0.99225
19 Q,0.0,0.0,0.0,0.0,0.9937,0.00625
20 D,0.0,0.0,0.0,0.0,0.99908,0.00086
21 L,0.0,0.0,0.0,0.0,0.99979,0.00017
22 Y,0.0,0.0,0.0,0.0,0.99994,4e-05
23 G,0.0,0.0,0.0,0.0,0.99994,1e-05
24 T,0.0,0.0,0.0,0.0,0.99994,0.0
25 A,0.0,0.0,0.0,0.0,0.99994,0.0
26 T,0.0,0.0,0.0,0.0,0.99994,0.0
27 Q,0.0,0.0,0.0,0.0,0.99994,0.0
28 Q,0.0,0.0,0.0,0.0,0.99994,0.0
29 Q,0.0,0.0,0.0,0.0,0.99994,0.0
30 P,0.0,0.0,0.0,0.0,0.99994,0.0
31 Y,0.0,0.0,0.0,0.0,0.99994,0.0
32 P,0.0,0.0,0.0,0.0,0.99994,0.0
33 Y,0.0,0.0,0.0,0.0,0.99994,0.0
34 V,0.0,0.0,0.0,0.0,0.99994,0.0
35 Q,0.0,0.0,0.0,0.0,0.99991,0.0
36 P,0.0,0.0,0.0,0.0,0.99991,0.0
37 S,0.0,0.0,0.0,0.0,0.99988,0.0
38 A,0.0,0.0,0.0,0.0,0.99988,0.0
39 S,0.0,0.0,0.0,0.0,0.99988,0.0
40 S,0.0,0.0,0.0,0.0,0.99991,0.0
41 G,0.0,0.0,0.0,0.0,0.99991,0.0
42 S,0.0,0.0,0.0,0.0,0.99991,0.0
43 G,0.0,0.0,0.0,0.0,0.99991,0.0
44 G,0.0,0.0,0.0,0.0,0.99988,0.0
45 Y,0.0,0.0,0.0,0.0,0.99985,0.0
46 V,0.0,0.0,0.0,0.0,0.99985,0.0
47 P,0.0,0.0,0.0,0.0,0.99988,0.0
48 N,0.0,0.0,0.0,0.0,0.99985,0.0
49 P,0.0,0.0,0.0,0.0,0.99985,0.0
50 Q,0.0,0.0,0.0,0.0,0.99985,0.0
51 S,0.0,0.0,0.0,0.0,0.99982,0.0
52 S,0.0,0.0,0.0,0.0,0.99982,0.0
53 I,0.0,0.0,0.0,0.0,0.99985,0.0
54 H,0.0,0.0,0.0,0.0,0.99985,0.0
55 T,0.0,0.0,0.0,0.0,0.99982,0.0
56 V,0.0,0.0,0.0,0.0,0.99982,0.0
57 Q,0.0,0.0,0.0,0.0,0.99982,0.0
58 Q,0.0,0.0,0.0,0.0,0.99982,0.0
59 P,0.0,0.0,0.0,0.0,0.99982,0.0
60 Y,0.0,0.0,0.0,0.0,0.99982,0.0
61 P,0.0,0.0,0.0,0.0,0.99979,0.0
62 N,0.0,0.0,0.0,0.0,0.99982,0.0
63 I,0.0,0.0,0.0,0.0,0.99982,0.0
64 D,0.0,0.0,0.0,0.0,0.99982,0.0
65 V,0.0,0.0,0.0,0.0,0.99982,0.0
66 V,0.0,0.0,0.0,0.0,0.99982,0.0
67 E,0.0,0.0,0.0,0.0,0.99979,0.0
68 P,0.0,0.0,0.0,0.0,0.99979,0.0
69 D,0.0,0.0,0.0,0.0,0.99979,0.0
70 V,0.0,0.0,0.0,0.0,0.99976,0.0
71 D,0.0,0.0,0.0,0.0,0.99979,0.0
72 S,0.0,0.0,0.0,0.0,0.99979,0.0
73 V,0.0,0.0,0.0,0.0,0.99979,0.0
74 D,0.0,0.0,0.0,0.0,0.99982,0.0
75 I,0.0,0.0,0.0,0.0,0.99982,0.0
76 Y,0.0,0.0,0.0,0.0,0.99982,0.0
77 E,0.0,0.0,0.0,0.0,0.99982,0.0
78 T,0.0,0.0,0.0,0.0,0.99982,0.0
79 E,0.0,0.0,0.0,0.0,0.99982,0.0
80 E,0.0,0.0,0.0,0.0,0.99982,0.0
81 P,0.0,0.0,0.0,0.0,0.99982,0.0
82 Q,0.0,0.0,0.0,0.0,0.99982,0.0
83 F,0.0,0.0,0.0,0.0,0.99982,0.0
84 K,0.0,0.0,0.0,0.0,0.99982,0.0
85 V,0.0,0.0,0.0,0.0,0.99985,0.0
86 V,0.0,0.0,0.0,0.0,0.99985,0.0
87 N,0.0,0.0,0.0,0.0,0.99985,0.0
88 P,0.0,0.0,0.0,0.0,0.99982,0.0
89 V,0.0,0.0,0.0,0.0,0.99982,0.0
90 F,0.0,0.0,0.0,0.0,0.99982,0.0
91 P,0.0,0.0,0.0,0.0,0.99982,0.0
92 L,0.0,0.0,0.0,0.0,0.99982,0.0
93 G,0.0,0.0,0.0,0.0,0.99982,0.0
94 G,0.0,0.0,0.0,0.0,0.99982,0.0
95 S,0.0,0.0,0.0,0.0,0.99982,0.0
96 G,0.0,0.0,0.0,0.0,0.99982,0.0
97 I,0.0,0.0,0.0,0.0,0.99985,0.0
98 V,0.0,0.0,0.0,0.0,0.99985,0.0
99 E,0.0,0.0,0.0,0.0,0.99985,0.0
100 E,0.0,0.0,0.0,0.0,0.99982,0.0
101 P,0.0,0.0,0.0,0.0,0.99982,0.0
102 G,0.0,0.0,0.0,0.0,0.99982,0.0
103 T,0.0,0.0,0.0,0.0,0.99982,0.0
104 I,0.0,0.0,0.0,0.0,0.99985,0.0
105 P,0.0,0.0,0.0,0.0,0.99985,0.0
106 P,0.0,0.0,0.0,0.0,0.99985,0.0
107 P,0.0,0.0,0.0,0.0,0.99982,0.0
108 M,0.0,0.0,0.0,0.0,0.99982,0.0
109 P,0.0,0.0,0.0,0.0,0.99982,0.0
110 Q,0.0,0.0,0.0,0.0,0.99982,0.0
111 T,0.0,0.0,0.0,0.0,0.99982,0.0
112 Q,0.0,0.0,0.0,0.0,0.99982,0.0
113 A,0.0,0.0,0.0,0.0,0.99982,0.0
114 P,0.0,0.0,0.0,0.0,0.99982,0.0
115 E,0.0,0.0,0.0,0.0,0.99982,0.0
116 K,0.0,0.0,0.0,0.0,0.99982,0.0
117 P,0.0,0.0,0.0,0.0,0.99982,0.0
118 D,0.0,0.0,0.0,0.0,0.99982,0.0
119 N,0.0,0.0,0.0,0.0,0.99982,0.0
120 S,0.0,0.0,0.0,0.0,0.99982,0.0
121 Y,0.0,0.0,0.0,0.0,0.99982,0.0
122 A,0.0,0.0,0.0,0.0,0.99982,0.0
123 I,0.0,0.0,0.0,0.0,0.99982,0.0
124 N,0.0,0.0,0.0,0.0,0.99982,0.0
125 Y,0.0,0.0,0.0,0.0,0.99982,0.0
126 C,0.0,0.0,0.0,0.0,0.99982,0.0
127 D,0.0,0.0,0.0,0.0,0.99982,0.0
128 K,0.0,0.0,0.0,0.0,0.99982,0.0
129 R,0.0,0.0,0.0,0.0,0.99982,0.0
130 E,0.0,0.0,0.0,0.0,0.99982,0.0
131 F,0.0,0.0,0.0,0.0,0.99982,0.0
132 P,0.0,0.0,0.0,0.0,0.99982,0.0
133 D,0.0,0.0,0.0,0.0,0.99982,0.0
134 D,0.0,0.0,0.0,0.0,0.99982,0.0
135 V,0.0,0.0,0.0,0.0,0.99982,0.0
136 L,0.0,0.0,0.0,0.0,0.99982,0.0
137 A,0.0,0.0,0.0,0.0,0.99982,0.0
138 Q,0.0,0.0,0.0,0.0,0.99982,0.0
139 Y,0.0,0.0,0.0,0.0,0.99982,0.0
140 G,0.0,0.0,0.0,0.0,0.99982,0.0
141 L,0.0,0.0,0.0,0.0,0.99982,0.0
142 E,0.0,0.0,0.0,0.0,0.99982,0.0
143 R,0.0,0.0,0.0,0.0,0.99982,0.0
144 I,0.0,0.0,0.0,0.0,0.99982,0.0
145 D,0.0,0.0,0.0,0.0,0.99982,0.0
146 Y,0.0,0.0,0.0,0.0,0.99982,0.0
147 F,0.0,0.0,0.0,0.0,0.99982,0.0
148 V,0.0,0.0,0.0,0.0,0.99982,0.0
149 Y,0.0,0.0,0.0,0.0,0.99982,0.0
150 N,0.0,0.0,0.0,0.0,0.99982,0.0
151 T,0.0,0.0,0.0,0.0,0.99982,0.0
152 S,0.0,0.0,0.0,0.0,0.99982,0.0
153 C,0.0,0.0,0.0,0.0,0.99982,0.0
154 S,0.0,0.0,0.0,0.0,0.99982,0.0
155 H,0.0,0.0,0.0,0.0,0.99982,0.0
156 V,0.0,0.0,0.0,0.0,0.99982,0.0
157 F,0.0,0.0,0.0,0.0,0.99982,0.0
158 F,0.0,0.0,0.0,0.0,0.99982,0.0
159 Q,0.0,0.0,0.0,0.0,0.99982,0.0
160 C,0.0,0.0,0.0,0.0,0.99982,0.0
161 S,0.0,0.0,0.0,0.0,0.99982,0.0
162 I,0.0,0.0,0.0,0.0,0.99982,0.0
163 G,0.0,0.0,0.0,0.0,0.99982,0.0
164 Q,0.0,0.0,0.0,0.0,0.99982,0.0
165 T,0.0,0.0,0.0,0.0,0.99982,0.0
166 F,0.0,0.0,0.0,0.0,0.99982,0.0
167 P,0.0,0.0,0.0,0.0,0.99982,0.0
168 L,0.0,0.0,0.0,0.0,0.99982,0.0
169 A,0.0,0.0,0.0,0.0,0.99982,0.0
170 C,0.0,0.0,0.0,0.0,0.99982,0.0
171 M,0.0,0.0,0.0,0.0,0.99982,0.0
172 S,0.0,0.0,0.0,0.0,0.99982,0.0
173 E,0.0,0.0,0.0,0.0,0.99982,0.0
174 D,0.0,0.0,0.0,0.0,0.99982,0.0
175 Q,0.0,0.0,0.0,0.0,0.99982,0.0
176 A,0.0,0.0,0.0,0.0,0.99982,0.0
177 F,0.0,0.0,0.0,0.0,0.99982,0.0
178 D,0.0,0.0,0.0,0.0,0.99982,0.0
179 K,0.0,0.0,0.0,0.0,0.99982,0.0
180 S,0.0,0.0,0.0,0.0,0.99982,0.0
181 T,0.0,0.0,0.0,0.0,0.99982,0.0
182 E,0.0,0.0,0.0,0.0,0.99982,0.0
183 N,0.0,0.0,0.0,0.0,0.99982,0.0
184 C,0.0,0.0,0.0,0.0,0.99982,0.0
185 N,0.0,0.0,0.0,0.0,0.99982,0.0
186 H,0.0,0.0,0.0,0.0,0.99982,0.0
187 K,0.0,0.0,0.0,0.0,0.99982,0.0
188 N,0.0,0.0,0.0,0.0,0.99982,0.0
189 A,0.0,0.0,0.0,0.0,0.99982,0.0
190 I,0.0,0.0,0.0,0.0,0.99982,0.0
191 K,0.0,0.0,0.0,0.0,0.99982,0.0
192 F,0.0,0.0,0.0,0.0,0.99982,0.0
193 C,0.0,0.0,0.0,0.0,0.99982,0.0
194 P,0.0,0.0,0.0,0.0,0.99982,0.0
195 E,0.0,0.0,0.0,0.0,0.99982,0.0
196 Y,0.0,0.0,0.0,0.0,0.99982,0.0
197 D,0.0,0.0,0.0,0.0,0.99982,0.0
198 H,0.0,0.0,0.0,0.0,0.99982,0.0
199 V,0.0,0.0,0.0,0.0,0.99982,0.0
200 M,0.0,0.0,0.0,0.0,0.99982,0.0
201 H,0.0,0.0,0.0,0.0,0.99982,0.0
202 C,0.0,0.0,0.0,0.0,0.99982,0.0
203 T,0.0,0.0,0.0,0.0,0.99982,0.0
204 I,0.0,0.0,0.0,0.0,0.99982,0.0
205 K,0.0,0.0,0.0,0.0,0.99982,0.0
206 D,0.0,0.0,0.0,0.0,0.99982,0.0
207 T,0.0,0.0,0.0,0.0,0.99982,0.0
208 C,0.0,0.0,0.0,0.0,0.99982,0.0
209 T,0.0,0.0,0.0,0.0,0.99982,0.0
210 E,0.0,0.0,0.0,0.0,0.99982,0.0
211 N,0.0,0.0,0.0,0.0,0.99982,0.0
212 E,0.0,0.0,0.0,0.0,0.99982,0.0
213 F,0.0,0.0,0.0,0.0,0.99982,0.0
214 A,0.0,0.0,0.0,0.0,0.99982,0.0
215 C,0.0,0.0,0.0,0.0,0.99982,0.0
216 C,0.0,0.0,0.0,0.0,0.99982,0.0
217 A,0.0,0.0,0.0,0.0,0.99982,0.0
218 M,0.0,0.0,0.0,0.0,0.99982,0.0
219 P,0.0,0.0,0.0,0.0,0.99982,0.0
220 Q,0.0,0.0,0.0,0.0,0.99982,0.0
221 S,0.0,0.0,0.0,0.0,0.99982,0.0
222 C,0.0,0.0,0.0,0.0,0.99982,0.0
223 I,0.0,0.0,0.0,0.0,0.99982,0.0
224 H,0.0,0.0,0.0,0.0,0.99982,0.0
225 V,0.0,0.0,0.0,0.0,0.99982,0.0
226 S,0.0,0.0,0.0,0.0,0.99982,0.0
227 K,0.0,0.0,0.0,0.0,0.99982,0.0
228 R,0.0,0.0,0.0,0.0,0.99982,0.0
229 C,0.0,0.0,0.0,0.0,0.99982,0.0
230 D,0.0,0.0,0.0,0.0,0.99982,0.0
231 G,0.0,0.0,0.0,0.0,0.99982,0.0
232 H,0.0,0.0,0.0,0.0,0.99982,0.0
233 P,0.0,0.0,0.0,0.0,0.99982,0.0
234 D,0.0,0.0,0.0,0.0,0.99982,0.0
235 C,0.0,0.0,0.0,0.0,0.99982,0.0
236 A,0.0,0.0,0.0,0.0,0.99982,0.0
237 D,0.0,0.0,0.0,0.0,0.99982,0.0
238 G,0.0,0.0,0.0,0.0,0.99982,0.0
239 E,0.0,0.0,0.0,0.0,0.99982,0.0
240 D,0.0,0.0,0.0,0.0,0.99982,0.0
241 E,0.0,0.0,0.0,0.0,0.99982,0.0
242 N,0.0,0.0,0.0,0.0,0.99982,0.0
243 N,0.0,0.0,0.0,0.0,0.99982,0.0
244 C,0.0,0.0,0.0,0.0,0.99982,0.0
245 P,0.0,0.0,0.0,0.0,0.99979,0.0
246 S,0.0,0.0,0.0,0.0,0.99979,0.0
247 C,0.0,0.0,0.0,0.0,0.99979,0.0
248 A,0.0,0.0,0.0,0.0,0.99979,0.0
249 R,0.0,0.0,0.0,0.0,0.99979,0.0
250 D,0.0,0.0,0.0,0.0,0.99979,0.0
251 D,0.0,0.0,0.0,0.0,0.99979,0.0
252 E,0.0,0.0,0.0,0.0,0.99979,0.0
253 F,0.0,0.0,0.0,0.0,0.99976,0.0
254 A,0.0,0.0,0.0,0.0,0.99976,0.0
255 C,0.0,0.0,0.0,0.0,0.99976,0.0
256 V,0.0,0.0,0.0,0.0,0.99976,0.0
257 K,0.0,0.0,0.0,0.0,0.99976,0.0
258 S,0.0,0.0,0.0,0.0,0.99976,0.0
259 E,0.0,0.0,0.0,0.0,0.99976,0.0
260 H,0.0,0.0,0.0,0.0,0.99976,0.0
261 C,0.0,0.0,0.0,0.0,0.99976,0.0
262 I,0.0,0.0,0.0,0.0,0.99976,0.0
263 P,0.0,0.0,0.0,0.0,0.99976,0.0
264 A,0.0,0.0,0.0,0.0,0.99976,0.0
265 N,0.0,0.0,0.0,0.0,0.99976,0.0
266 K,0.0,0.0,0.0,0.0,0.99976,0.0
267 R,0.0,0.0,0.0,0.0,0.99976,0.0
268 C,0.0,0.0,0.0,0.0,0.99976,0.0
269 D,0.0,0.0,0.0,0.0,0.99976,0.0
270 G,0.0,0.0,0.0,0.0,0.99976,0.0
271 V,0.0,0.0,0.0,0.0,0.99976,0.0
272 A,0.0,0.0,0.0,0.0,0.99976,0.0
273 D,0.0,0.0,0.0,0.0,0.99979,0.0
274 D,0.0,0.0,0.0,0.0,0.99976,0.0
275 C,0.0,0.0,0.0,0.0,0.99979,0.0
276 E,0.0,0.0,0.0,0.0,0.99976,0.0
277 D,0.0,0.0,0.0,0.0,0.99976,0.0
278 G,0.0,0.0,0.0,0.0,0.99976,0.0
279 S,0.0,0.0,0.0,0.0,0.99976,0.0
280 N,0.0,0.0,0.0,0.0,0.99973,0.0
281 L,0.0,0.0,0.0,0.0,0.99976,0.0
282 D,0.0,0.0,0.0,0.0,0.99973,0.0
283 E,0.0,0.0,0.0,0.0,0.99976,0.0
284 I,0.0,0.0,0.0,0.0,0.99976,0.0
285 G,0.0,0.0,0.0,0.0,0.99976,0.0
286 C,0.0,0.0,0.0,0.0,0.99973,0.0
287 S,0.0,0.0,0.0,0.0,0.99973,0.0
288 K,0.0,0.0,0.0,0.0,0.99973,0.0
289 N,0.0,0.0,0.0,0.0,0.99973,0.0
290 T,0.0,0.0,0.0,0.0,0.99976,0.0
291 T,0.0,0.0,0.0,0.0,0.99973,0.0
292 C,0.0,0.0,0.0,0.0,0.99976,0.0
293 I,0.0,0.0,0.0,0.0,0.99976,0.0
294 G,0.0,0.0,0.0,0.0,0.99976,0.0
295 K,0.0,0.0,0.0,0.0,0.99973,0.0
296 F,0.0,0.0,0.0,0.0,0.99976,0.0
297 V,0.0,0.0,0.0,0.0,0.99976,0.0
298 C,0.0,0.0,0.0,0.0,0.99976,0.0
299 G,0.0,0.0,0.0,0.0,0.99976,0.0
300 T,0.0,0.0,0.0,0.0,0.99976,0.0
301 S,0.0,0.0,0.0,0.0,0.99976,0.0
302 R,0.0,0.0,0.0,0.0,0.99979,0.0
303 G,0.0,0.0,0.0,0.0,0.99976,0.0
304 G,0.0,0.0,0.0,0.0,0.99976,0.0
305 V,0.0,0.0,0.0,0.0,0.99979,0.0
306 S,0.0,0.0,0.0,0.0,0.99979,0.0
307 C,0.0,0.0,0.0,0.0,0.99976,0.0
308 V,0.0,0.0,0.0,0.0,0.99979,0.0
309 D,0.0,0.0,0.0,0.0,0.99979,0.0
310 L,0.0,0.0,0.0,0.0,0.99979,0.0
311 D,0.0,0.0,0.0,0.0,0.99979,0.0
312 M,0.0,0.0,0.0,0.0,0.99979,0.0
313 H,0.0,0.0,0.0,0.0,0.99979,0.0
314 C,0.0,0.0,0.0,0.0,0.99979,0.0
315 D,0.0,0.0,0.0,0.0,0.99982,0.0
316 G,0.0,0.0,0.0,0.0,0.99982,0.0
317 K,0.0,0.0,0.0,0.0,0.99982,0.0
318 K,0.0,0.0,0.0,0.0,0.99982,0.0
319 D,0.0,0.0,0.0,0.0,0.99985,0.0
320 C,0.0,0.0,0.0,0.0,0.99982,0.0
321 L,0.0,0.0,0.0,0.0,0.99985,0.0
322 N,0.0,0.0,0.0,0.0,0.99985,0.0
323 G,0.0,0.0,0.0,0.0,0.99985,0.0
324 E,0.0,0.0,0.0,0.0,0.99985,0.0
325 D,0.0,0.0,0.0,0.0,0.99988,0.0
326 E,0.0,0.0,0.0,0.0,0.99988,0.0
327 M,0.0,0.0,0.0,0.0,0.99988,0.0
328 N,0.0,0.0,0.0,0.0,0.99988,0.0
329 C,0.0,0.0,0.0,0.0,0.99991,0.0
330 Q,0.0,0.0,0.0,0.0,0.99991,0.0
331 E,0.0,0.0,0.0,0.0,0.99991,0.0
332 G,0.0,0.0,0.0,0.0,0.99991,0.0
333 R,0.0,0.0,0.0,0.0,0.99991,0.0
334 Q,0.0,0.0,0.0,0.0,0.99994,0.0
335 K,0.0,0.0,0.0,0.0,0.99994,0.0
336 Y,0.0,0.0,0.0,0.0,0.99994,0.0
337 L,0.0,0.0,0.0,0.0,0.99994,0.0
338 L,0.0,0.0,0.0,0.0,0.99994,0.0
339 C,0.0,0.0,0.0,0.0,0.99994,0.0
340 E,0.0,0.0,0.0,0.0,0.99994,0.0
341 N,0.0,0.0,0.0,0.0,0.99991,0.0
342 Q,0.0,0.0,0.0,0.0,0.99991,0.0
343 K,0.0,0.0,0.0,0.0,0.99994,0.0
344 Q,0.0,0.0,0.0,0.0,0.99994,0.0
345 S,0.0,0.0,0.0,0.0,0.99994,0.0
346 V,0.0,0.0,0.0,0.0,0.99997,0.0
347 T,0.0,0.0,0.0,0.0,0.99997,0.0
348 R,0.0,0.0,0.0,0.0,0.99997,0.0
349 L,0.0,0.0,0.0,0.0,1.0,0.0
350 Q,0.0,0.0,0.0,0.0,1.0,0.0
351 W,0.0,0.0,0.0,0.0,0.99997,0.0
352 C,0.0,0.0,0.0,0.0,0.99997,0.0
353 N,0.0,0.0,0.0,0.0,1.0,0.0
354 G,0.0,0.0,0.0,0.0,1.0,0.0
355 E,0.0,0.0,0.0,0.0,1.0,0.0
356 T,0.0,0.0,0.0,0.0,1.0,0.0
357 D,0.0,0.0,0.0,0.0,1.0,0.0
358 C,0.0,0.0,0.0,0.0,1.0,0.0
359 A,0.0,0.0,0.0,0.0,1.0,0.0
360 D,0.0,0.0,0.0,0.0,1.0,0.0
361 G,0.0,0.0,0.0,0.0,1.0,0.0
362 S,0.0,0.0,0.0,0.0,1.0,0.0
363 D,0.0,0.0,0.0,0.0,0.99997,0.0
364 E,0.0,0.0,0.0,0.0,0.99997,0.0
365 K,0.0,0.0,0.0,0.0,1.0,0.0
366 Y,0.0,0.0,0.0,0.0,1.0,0.0
367 C,0.0,0.0,0.0,0.0,1.0,0.0
368 Y,0.0,0.0,0.0,0.0,1.0,0.0
